{
  "threshold_baseline": {
    "GPT-4.1": {
      "llm_cr": 54.0,
      "tb_cr": 84.66666666666667,
      "diff": -30.66666666666667
    },
    "Gemini-2.5-Flash": {
      "llm_cr": 77.66666666666666,
      "tb_cr": 86.0,
      "diff": -8.333333333333343
    },
    "GPT-4.1-mini": {
      "llm_cr": 66.0,
      "tb_cr": 82.66666666666667,
      "diff": -16.66666666666667
    },
    "Llama-4-Scout": {
      "llm_cr": 69.0,
      "tb_cr": 69.0,
      "diff": 0.0
    }
  },
  "subdomain_metrics": {
    "GPT-4.1": {
      "Oncology": {
        "acc": 78.95,
        "mon": 57.89,
        "cr": 57.89,
        "gap": 0.0,
        "n": 19
      },
      "Cardiology": {
        "acc": 85.71,
        "mon": 14.29,
        "cr": 28.57,
        "gap": -14.29,
        "n": 7
      },
      "Neurology": {
        "acc": 84.21,
        "mon": 52.63,
        "cr": 57.89,
        "gap": -5.26,
        "n": 19
      },
      "Infectious": {
        "acc": 71.43,
        "mon": 42.86,
        "cr": 42.86,
        "gap": 0.0,
        "n": 7
      },
      "Other": {
        "acc": 83.47,
        "mon": 44.35,
        "cr": 54.44,
        "gap": -10.08,
        "n": 248
      }
    },
    "Gemini-2.5-Flash": {
      "Oncology": {
        "acc": 94.74,
        "mon": 84.21,
        "cr": 78.95,
        "gap": 5.26,
        "n": 19
      },
      "Cardiology": {
        "acc": 85.71,
        "mon": 85.71,
        "cr": 85.71,
        "gap": 0.0,
        "n": 7
      },
      "Neurology": {
        "acc": 78.95,
        "mon": 78.95,
        "cr": 78.95,
        "gap": 0.0,
        "n": 19
      },
      "Infectious": {
        "acc": 71.43,
        "mon": 71.43,
        "cr": 71.43,
        "gap": 0.0,
        "n": 7
      },
      "Other": {
        "acc": 83.87,
        "mon": 77.82,
        "cr": 77.42,
        "gap": 0.4,
        "n": 248
      }
    },
    "GPT-4.1-mini": {
      "Oncology": {
        "acc": 78.95,
        "mon": 68.42,
        "cr": 78.95,
        "gap": -10.53,
        "n": 19
      },
      "Cardiology": {
        "acc": 85.71,
        "mon": 14.29,
        "cr": 42.86,
        "gap": -28.57,
        "n": 7
      },
      "Neurology": {
        "acc": 73.68,
        "mon": 52.63,
        "cr": 57.89,
        "gap": -5.26,
        "n": 19
      },
      "Infectious": {
        "acc": 57.14,
        "mon": 42.86,
        "cr": 57.14,
        "gap": -14.29,
        "n": 7
      },
      "Other": {
        "acc": 81.05,
        "mon": 40.73,
        "cr": 66.53,
        "gap": -25.81,
        "n": 248
      }
    },
    "Llama-4-Scout": {
      "Oncology": {
        "acc": 53.85,
        "mon": 15.38,
        "cr": 61.54,
        "gap": -46.15,
        "n": 39
      },
      "Cardiology": {
        "acc": 41.67,
        "mon": 25.0,
        "cr": 58.33,
        "gap": -33.33,
        "n": 12
      },
      "Neurology": {
        "acc": 68.18,
        "mon": 13.64,
        "cr": 81.82,
        "gap": -68.18,
        "n": 22
      },
      "Infectious": {
        "acc": 80.0,
        "mon": 20.0,
        "cr": 80.0,
        "gap": -60.0,
        "n": 5
      },
      "Other": {
        "acc": 61.26,
        "mon": 13.06,
        "cr": 69.37,
        "gap": -56.31,
        "n": 222
      }
    }
  },
  "overall_metrics": {
    "GPT-4.1": {
      "acc": 83.0,
      "mon": 45.0,
      "cr": 54.0,
      "gap": -9.0,
      "n": 300
    },
    "Gemini-2.5-Flash": {
      "acc": 84.0,
      "mon": 78.33,
      "cr": 77.67,
      "gap": 0.67,
      "n": 300
    },
    "GPT-4.1-mini": {
      "acc": 80.0,
      "mon": 42.67,
      "cr": 66.0,
      "gap": -23.33,
      "n": 300
    },
    "Llama-4-Scout": {
      "acc": 60.33,
      "mon": 14.0,
      "cr": 69.0,
      "gap": -55.0,
      "n": 300
    },
    "Human Baseline": {
      "acc": 88.0,
      "mon": 90.0,
      "cr": 92.0,
      "gap": -2.0,
      "n": 50
    }
  }
}