{
    "GPT-4.1-mini": {
        "model": "GPT-4.1-mini",
        "n_examples": 300,
        "task1_accuracy": 0.8,
        "soce": 0.18062500000000004,
        "ece": 0.3685000000000001,
        "monitoring_accuracy": 0.8,
        "monitoring_brier_score": 0.19385,
        "monitoring_bias": 0.0043333333333333,
        "avg_error_probability": 0.2043333333333333,
        "control_rationality": 0.48333333333333334,
        "final_accuracy": 0.8,
        "action_commit_rate": 0.65,
        "action_revise_rate": 0.0,
        "action_abstain_rate": 0.0,
        "action_seek_rate": 0.35,
        "pdemc_score": 0.7050000000000001
    },
    "GPT-4.1": {
        "model": "GPT-4.1",
        "n_examples": 300,
        "task1_accuracy": 0.83,
        "soce": 0.176220174816915,
        "ece": 0.29593333333333327,
        "monitoring_accuracy": 0.83,
        "monitoring_brier_score": 0.20655266666666666,
        "monitoring_bias": 0.19446666666666665,
        "avg_error_probability": 0.36446666666666666,
        "control_rationality": 0.72,
        "final_accuracy": 0.83,
        "action_commit_rate": 0.87,
        "action_revise_rate": 0.0,
        "action_abstain_rate": 0.0,
        "action_seek_rate": 0.13,
        "pdemc_score": 0.797
    },
    "Gemini-2.5-Flash": {
        "model": "Gemini-2.5-Flash",
        "n_examples": 300,
        "task1_accuracy": 0.84,
        "soce": -0.01210317460317456,
        "ece": 0.09750000000000017,
        "monitoring_accuracy": 0.7966666666666666,
        "monitoring_brier_score": 0.15832599999999997,
        "monitoring_bias": -0.04440000000000001,
        "avg_error_probability": 0.1156,
        "control_rationality": 0.7466666666666667,
        "final_accuracy": 0.8233333333333334,
        "action_commit_rate": 0.8666666666666667,
        "action_revise_rate": 0.08666666666666667,
        "action_abstain_rate": 0.0,
        "action_seek_rate": 0.04666666666666667,
        "correction_rate": 0.6538461538461539,
        "pdemc_score": 0.7956666666666667
    }
}